{
  "$schema": "http://json-schema.org/draft-07/schema#",
  "title": "Account API Base Response Schema",
  "description": "Valida estructura común independiente de filtros",
  "type": "object",
  "required": ["personalInformation"],
  "properties": {
    "personalInformation": {
      "type": ["object", "null"],
      "description": "Personal information when filter is applied"
    },
    "contactInformation": {
      "type": ["object", "null"],
      "description": "Contact information when filter is applied"
    },
    "accountInformation": {
      "type": ["object", "null"],
      "description": "Account information when filter is applied"
    },
    "addressInformation": {
      "type": ["object", "null"],
      "description": "Address information when filter is applied"
    }
  },
  "additionalProperties": false
}
