{
  "$schema": "http://json-schema.org/draft-07/schema#",
  "title": "Account API Full Response Schema",
  "description": "Valida respuesta completa cuando no hay filtros",
  "type": "object",
  "required": ["personalInformation", "contactInformation"],
  "properties": {
    "personalInformation": {
      "type": "object",
      "required": ["firstName", "lastName"],
      "properties": {
        "firstName": {
          "type": "string",
          "minLength": 1
        },
        "lastName": {
          "type": "string",
          "minLength": 1
        },
        "documentType": {
          "type": "string"
        },
        "documentNumber": {
          "type": "string"
        },
        "dateOfBirth": {
          "type": "string",
          "format": "date"
        },
        "gender": {
          "type": "string"
        }
      }
    },
    "contactInformation": {
      "type": "object",
      "properties": {
        "email": {
          "type": "string",
          "format": "email"
        },
        "phoneNumber": {
          "type": "string"
        },
        "mobileNumber": {
          "type": "string"
        }
      }
    },
    "accountInformation": {
      "type": ["object", "null"],
      "properties": {
        "accountNumber": {
          "type": "string"
        },
        "accountType": {
          "type": "string"
        },
        "currency": {
          "type": "string"
        }
      }
    },
    "addressInformation": {
      "type": ["object", "null"],
      "properties": {
        "addressLine1": {
          "type": "string"
        },
        "city": {
          "type": "string"
        },
        "state": {
          "type": "string"
        },
        "zipCode": {
          "type": "string"
        }
      }
    }
  },
  "additionalProperties": false
}
