{
  "$schema": "http://json-schema.org/draft-07/schema#",
  "title": "Error Response Schema",
  "description": "Valida estructura de errores según estándar ProblemDetails (.NET)",
  "type": "object",
  "required": ["type", "title", "status"],
  "properties": {
    "type": {
      "type": "string",
      "description": "Código de error (ej: YP-RM-0002)",
      "pattern": "^[A-Z]{2}-[A-Z]{2}-[0-9]{4}$"
    },
    "title": {
      "type": "string",
      "description": "Título descriptivo del error",
      "minLength": 1
    },
    "status": {
      "type": "integer",
      "description": "HTTP status code",
      "minimum": 400,
      "maximum": 599
    },
    "detail": {
      "type": "string",
      "description": "Detalles adicionales del error"
    },
    "instance": {
      "type": "string",
      "description": "URI de la instancia específica del error"
    }
  },
  "additionalProperties": false
}
